{
    "name": "object",
    "roles": [
        "object"
    ],
    "lookups": [
        "keywords"
    ],
    "keywords": [
        {
            "keyword": "Fork",
            "synonyms": [
                "fork"
            ]
        },
        {
            "keyword": "Please scan painting",
            "synonyms": [
                "please scan painting"
            ]
        },
        {
            "keyword": "Please scan scan image",
            "synonyms": [
                "please scan scan image"
            ]
        },
        {
            "keyword": "Scan",
            "synonyms": [
                "scan"
            ]
        },
        {
            "keyword": "Scan blue ball",
            "synonyms": [
                "scan blue ball"
            ]
        },
        {
            "keyword": "Scan blue bottle",
            "synonyms": [
                "scan blue bottle"
            ]
        },
        {
            "keyword": "Scan blue paddle",
            "synonyms": [
                "scan blue paddle"
            ]
        },
        {
            "keyword": "Scan blue portal",
            "synonyms": [
                "scan blue portal"
            ]
        },
        {
            "keyword": "Scan clock",
            "synonyms": [
                "scan clock"
            ]
        },
        {
            "keyword": "Scan key",
            "synonyms": [
                "scan key"
            ]
        },
        {
            "keyword": "Scan pending",
            "synonyms": [
                "scan pending"
            ]
        },
        {
            "keyword": "Scan picture",
            "synonyms": [
                "scan picture"
            ]
        },
        {
            "keyword": "all box",
            "synonyms": [
                "all box"
            ]
        },
        {
            "keyword": "almonds",
            "synonyms": [
                "almonds"
            ]
        },
        {
            "keyword": "angle",
            "synonyms": [
                "angle"
            ]
        },
        {
            "keyword": "apple",
            "synonyms": [
                "apple"
            ]
        },
        {
            "keyword": "backpack",
            "synonyms": [
                "backpack"
            ]
        },
        {
            "keyword": "bed",
            "synonyms": [
                "bed"
            ]
        },
        {
            "keyword": "black TV stand with drawers and white boxes",
            "synonyms": [
                "black tv stand with drawers and white boxes"
            ]
        },
        {
            "keyword": "black dresser",
            "synonyms": [
                "black dresser"
            ]
        },
        {
            "keyword": "black dresser with drawers and boxes",
            "synonyms": [
                "black dresser with drawers and boxes"
            ]
        },
        {
            "keyword": "black dresser with drawers and file cabinets",
            "synonyms": [
                "black dresser with drawers and file cabinets"
            ]
        },
        {
            "keyword": "black dresser with file cabinets and large flat screen TV",
            "synonyms": [
                "black dresser with file cabinets and large flat screen tv"
            ]
        },
        {
            "keyword": "black dresser with white boxes on top of it",
            "synonyms": [
                "black dresser with white boxes on top of it"
            ]
        },
        {
            "keyword": "black entertainment center",
            "synonyms": [
                "black entertainment center"
            ]
        },
        {
            "keyword": "black floor mat",
            "synonyms": [
                "black floor mat"
            ]
        },
        {
            "keyword": "black headset",
            "synonyms": [
                "black headset"
            ]
        },
        {
            "keyword": "black keyboard",
            "synonyms": [
                "black keyboard"
            ]
        },
        {
            "keyword": "black keyboard",
            "synonyms": [
                "black keyboard"
            ]
        },
        {
            "keyword": "black laptop keyboard",
            "synonyms": [
                "black laptop keyboard"
            ]
        },
        {
            "keyword": "black water bottle",
            "synonyms": [
                "black water bottle"
            ]
        },
        {
            "keyword": "blue bottle",
            "synonyms": [
                "blue bottle"
            ]
        },
        {
            "keyword": "blue box",
            "synonyms": [
                "blue box"
            ]
        },
        {
            "keyword": "blue box",
            "synonyms": [
                "blue box"
            ]
        },
        {
            "keyword": "blue button",
            "synonyms": [
                "blue button"
            ]
        },
        {
            "keyword": "blue flower",
            "synonyms": [
                "blue flower"
            ]
        },
        {
            "keyword": "blue flower",
            "synonyms": [
                "blue flower"
            ]
        },
        {
            "keyword": "blue paddle",
            "synonyms": [
                "blue paddle"
            ]
        },
        {
            "keyword": "blue plate",
            "synonyms": [
                "blue plate"
            ]
        },
        {
            "keyword": "blue salt box",
            "synonyms": [
                "blue salt box"
            ]
        },
        {
            "keyword": "blue self box",
            "synonyms": [
                "blue self box"
            ]
        },
        {
            "keyword": "blues",
            "synonyms": [
                "blues"
            ]
        },
        {
            "keyword": "book",
            "synonyms": [
                "book"
            ]
        },
        {
            "keyword": "bookcase",
            "synonyms": [
                "bookcase"
            ]
        },
        {
            "keyword": "booksheetry",
            "synonyms": [
                "booksheetry"
            ]
        },
        {
            "keyword": "booksheetry",
            "synonyms": [
                "booksheetry"
            ]
        },
        {
            "keyword": "booksheets",
            "synonyms": [
                "booksheets"
            ]
        },
        {
            "keyword": "bookshef",
            "synonyms": [
                "bookshef"
            ]
        },
        {
            "keyword": "bookshefs",
            "synonyms": [
                "bookshefs"
            ]
        },
        {
            "keyword": "booksheled books",
            "synonyms": [
                "booksheled books"
            ]
        },
        {
            "keyword": "bookshelf",
            "synonyms": [
                "bookshelf"
            ]
        },
        {
            "keyword": "bookshelled books",
            "synonyms": [
                "bookshelled books"
            ]
        },
        {
            "keyword": "bookshelled books",
            "synonyms": [
                "bookshelled books"
            ]
        },
        {
            "keyword": "bookshelled books",
            "synonyms": [
                "bookshelled books"
            ]
        },
        {
            "keyword": "bookshelled books",
            "synonyms": [
                "bookshelled books"
            ]
        },
        {
            "keyword": "bookshelled books",
            "synonyms": [
                "bookshelled books"
            ]
        },
        {
            "keyword": "bookshelled books",
            "synonyms": [
                "bookshelled books"
            ]
        },
        {
            "keyword": "bookshelled books on shelf",
            "synonyms": [
                "bookshelled books on shelf"
            ]
        },
        {
            "keyword": "bookshelled items",
            "synonyms": [
                "bookshelled items"
            ]
        },
        {
            "keyword": "bookshelled up books on bookshelf",
            "synonyms": [
                "bookshelled up books on bookshelf"
            ]
        },
        {
            "keyword": "bookshelledlled book",
            "synonyms": [
                "bookshelledlled book"
            ]
        },
        {
            "keyword": "bookshelledlled books",
            "synonyms": [
                "bookshelledlled books"
            ]
        },
        {
            "keyword": "bookshelledlledlledgable books on bookshelf",
            "synonyms": [
                "bookshelledlledlledgable books on bookshelf"
            ]
        },
        {
            "keyword": "bookshelledlledlledorie book",
            "synonyms": [
                "bookshelledlledlledorie book"
            ]
        },
        {
            "keyword": "booksherow",
            "synonyms": [
                "booksherow"
            ]
        },
        {
            "keyword": "booksherows",
            "synonyms": [
                "booksherows"
            ]
        },
        {
            "keyword": "booksherows",
            "synonyms": [
                "booksherows"
            ]
        },
        {
            "keyword": "booksheshelf",
            "synonyms": [
                "booksheshelf"
            ]
        },
        {
            "keyword": "booksheves",
            "synonyms": [
                "booksheves"
            ]
        },
        {
            "keyword": "bottle",
            "synonyms": [
                "bottle"
            ]
        },
        {
            "keyword": "bowl",
            "synonyms": [
                "bowl"
            ]
        },
        {
            "keyword": "box",
            "synonyms": [
                "box"
            ]
        },
        {
            "keyword": "bracelet",
            "synonyms": [
                "bracelet"
            ]
        },
        {
            "keyword": "bracelet",
            "synonyms": [
                "bracelet"
            ]
        },
        {
            "keyword": "bread",
            "synonyms": [
                "bread"
            ]
        },
        {
            "keyword": "bucket",
            "synonyms": [
                "bucket"
            ]
        },
        {
            "keyword": "building at night with sun shining through window blinds",
            "synonyms": [
                "building at night with sun shining through window blinds"
            ]
        },
        {
            "keyword": "cabinetry",
            "synonyms": [
                "cabinetry"
            ]
        },
        {
            "keyword": "cabinetry",
            "synonyms": [
                "cabinetry"
            ]
        },
        {
            "keyword": "cabinetry",
            "synonyms": [
                "cabinetry"
            ]
        },
        {
            "keyword": "cabinetry",
            "synonyms": [
                "cabinetry"
            ]
        },
        {
            "keyword": "cabinetry",
            "synonyms": [
                "cabinetry"
            ]
        },
        {
            "keyword": "candle",
            "synonyms": [
                "candle"
            ]
        },
        {
            "keyword": "candle",
            "synonyms": [
                "candle"
            ]
        },
        {
            "keyword": "carpet",
            "synonyms": [
                "carpet"
            ]
        },
        {
            "keyword": "chair",
            "synonyms": [
                "chair"
            ]
        },
        {
            "keyword": "clock",
            "synonyms": [
                "clock"
            ]
        },
        {
            "keyword": "clock",
            "synonyms": [
                "clock"
            ]
        },
        {
            "keyword": "coffee cup",
            "synonyms": [
                "coffee cup"
            ]
        },
        {
            "keyword": "coffee cup",
            "synonyms": [
                "coffee cup"
            ]
        },
        {
            "keyword": "coffee cup",
            "synonyms": [
                "coffee cup"
            ]
        },
        {
            "keyword": "coffee cup",
            "synonyms": [
                "coffee cup"
            ]
        },
        {
            "keyword": "coffee cup",
            "synonyms": [
                "coffee cup"
            ]
        },
        {
            "keyword": "coffee maker",
            "synonyms": [
                "coffee maker"
            ]
        },
        {
            "keyword": "computer box",
            "synonyms": [
                "computer box"
            ]
        },
        {
            "keyword": "computer keyboard",
            "synonyms": [
                "computer keyboard"
            ]
        },
        {
            "keyword": "computer monitor",
            "synonyms": [
                "computer monitor"
            ]
        },
        {
            "keyword": "computer monitor",
            "synonyms": [
                "computer monitor"
            ]
        },
        {
            "keyword": "computer mouse",
            "synonyms": [
                "computer mouse"
            ]
        },
        {
            "keyword": "countertop",
            "synonyms": [
                "countertop"
            ]
        },
        {
            "keyword": "countertop",
            "synonyms": [
                "countertop"
            ]
        },
        {
            "keyword": "countertop",
            "synonyms": [
                "countertop"
            ]
        },
        {
            "keyword": "cutting board",
            "synonyms": [
                "cutting board"
            ]
        },
        {
            "keyword": "cutting board",
            "synonyms": [
                "cutting board"
            ]
        },
        {
            "keyword": "desk",
            "synonyms": [
                "desk"
            ]
        },
        {
            "keyword": "dirty kitchen",
            "synonyms": [
                "dirty kitchen"
            ]
        },
        {
            "keyword": "dirty kitchen counter",
            "synonyms": [
                "dirty kitchen counter"
            ]
        },
        {
            "keyword": "dirty kitchen countertop",
            "synonyms": [
                "dirty kitchen countertop"
            ]
        },
        {
            "keyword": "dirty kitchen sink",
            "synonyms": [
                "dirty kitchen sink"
            ]
        },
        {
            "keyword": "door",
            "synonyms": [
                "door"
            ]
        },
        {
            "keyword": "faucet",
            "synonyms": [
                "faucet"
            ]
        },
        {
            "keyword": "footwear",
            "synonyms": [
                "footwear"
            ]
        },
        {
            "keyword": "gas stove",
            "synonyms": [
                "gas stove"
            ]
        },
        {
            "keyword": "glass cup",
            "synonyms": [
                "glass cup"
            ]
        },
        {
            "keyword": "green salt box",
            "synonyms": [
                "green salt box"
            ]
        },
        {
            "keyword": "green salt box",
            "synonyms": [
                "green salt box"
            ]
        },
        {
            "keyword": "hand",
            "synonyms": [
                "hand"
            ]
        },
        {
            "keyword": "hand holding black object with yellow strap",
            "synonyms": [
                "hand holding black object with yellow strap"
            ]
        },
        {
            "keyword": "hand holding white coffee mug",
            "synonyms": [
                "hand holding white coffee mug"
            ]
        },
        {
            "keyword": "hand holding white object in dark room",
            "synonyms": [
                "hand holding white object in dark room"
            ]
        },
        {
            "keyword": "hand holding white object with wire coming out of it",
            "synonyms": [
                "hand holding white object with wire coming out of it"
            ]
        },
        {
            "keyword": "headphones",
            "synonyms": [
                "headphones"
            ]
        },
        {
            "keyword": "house",
            "synonyms": [
                "house"
            ]
        },
        {
            "keyword": "houseplant",
            "synonyms": [
                "houseplant"
            ]
        },
        {
            "keyword": "human",
            "synonyms": [
                "human"
            ]
        },
        {
            "keyword": "key",
            "synonyms": [
                "key"
            ]
        },
        {
            "keyword": "keyboard",
            "synonyms": [
                "keyboard"
            ]
        },
        {
            "keyword": "kitchen counter with dishes and utensils",
            "synonyms": [
                "kitchen counter with dishes and utensils"
            ]
        },
        {
            "keyword": "knife",
            "synonyms": [
                "knife"
            ]
        },
        {
            "keyword": "lamp",
            "synonyms": [
                "lamp"
            ]
        },
        {
            "keyword": "lamp",
            "synonyms": [
                "lamp"
            ]
        },
        {
            "keyword": "lamp",
            "synonyms": [
                "lamp"
            ]
        },
        {
            "keyword": "laptop",
            "synonyms": [
                "laptop"
            ]
        },
        {
            "keyword": "laptop computer with music editing software on screen",
            "synonyms": [
                "laptop computer with music editing software on screen"
            ]
        },
        {
            "keyword": "laptop computer with red and yellow lines on screen",
            "synonyms": [
                "laptop computer with red and yellow lines on screen"
            ]
        },
        {
            "keyword": "laptop keyboard",
            "synonyms": [
                "laptop keyboard"
            ]
        },
        {
            "keyword": "living room",
            "synonyms": [
                "living room"
            ]
        },
        {
            "keyword": "living room",
            "synonyms": [
                "living room"
            ]
        },
        {
            "keyword": "loudspeaker",
            "synonyms": [
                "loudspeaker"
            ]
        },
        {
            "keyword": "metal can",
            "synonyms": [
                "metal can"
            ]
        },
        {
            "keyword": "mirror",
            "synonyms": [
                "mirror"
            ]
        },
        {
            "keyword": "mobile phone",
            "synonyms": [
                "mobile phone"
            ]
        },
        {
            "keyword": "mouse",
            "synonyms": [
                "mouse"
            ]
        },
        {
            "keyword": "my new word",
            "synonyms": [
                "my new word"
            ]
        },
        {
            "keyword": "neutral jar",
            "synonyms": [
                "neutral jar"
            ]
        },
        {
            "keyword": "neutral jar",
            "synonyms": [
                "neutral jar"
            ]
        },
        {
            "keyword": "notch",
            "synonyms": [
                "notch"
            ]
        },
        {
            "keyword": "object",
            "synonyms": [
                "object"
            ]
        },
        {
            "keyword": "oven",
            "synonyms": [
                "oven"
            ]
        },
        {
            "keyword": "oven",
            "synonyms": [
                "oven"
            ]
        },
        {
            "keyword": "pen",
            "synonyms": [
                "pen"
            ]
        },
        {
            "keyword": "pen",
            "synonyms": [
                "pen"
            ]
        },
        {
            "keyword": "pen",
            "synonyms": [
                "pen"
            ]
        },
        {
            "keyword": "person",
            "synonyms": [
                "person"
            ]
        },
        {
            "keyword": "person",
            "synonyms": [
                "person"
            ]
        },
        {
            "keyword": "picture frame",
            "synonyms": [
                "picture frame"
            ]
        },
        {
            "keyword": "pillow",
            "synonyms": [
                "pillow"
            ]
        },
        {
            "keyword": "plate",
            "synonyms": [
                "plate"
            ]
        },
        {
            "keyword": "power outlet",
            "synonyms": [
                "power outlet"
            ]
        },
        {
            "keyword": "power outlet",
            "synonyms": [
                "power outlet"
            ]
        },
        {
            "keyword": "radiator",
            "synonyms": [
                "radiator"
            ]
        },
        {
            "keyword": "rainbow cup",
            "synonyms": [
                "rainbow cup"
            ]
        },
        {
            "keyword": "rainbow cup",
            "synonyms": [
                "rainbow cup"
            ]
        },
        {
            "keyword": "red book",
            "synonyms": [
                "red book"
            ]
        },
        {
            "keyword": "remote control",
            "synonyms": [
                "remote control"
            ]
        },
        {
            "keyword": "screwdriver",
            "synonyms": [
                "screwdriver"
            ]
        },
        {
            "keyword": "screwdriver",
            "synonyms": [
                "screwdriver"
            ]
        },
        {
            "keyword": "shelf",
            "synonyms": [
                "shelf"
            ]
        },
        {
            "keyword": "shelves",
            "synonyms": [
                "shelves"
            ]
        },
        {
            "keyword": "sink",
            "synonyms": [
                "sink"
            ]
        },
        {
            "keyword": "slippers",
            "synonyms": [
                "slippers"
            ]
        },
        {
            "keyword": "spatula",
            "synonyms": [
                "spatula"
            ]
        },
        {
            "keyword": "spoon",
            "synonyms": [
                "spoon"
            ]
        },
        {
            "keyword": "spoon",
            "synonyms": [
                "spoon"
            ]
        },
        {
            "keyword": "stool",
            "synonyms": [
                "stool"
            ]
        },
        {
            "keyword": "stool",
            "synonyms": [
                "stool"
            ]
        },
        {
            "keyword": "table",
            "synonyms": [
                "table"
            ]
        },
        {
            "keyword": "tea",
            "synonyms": [
                "tea"
            ]
        },
        {
            "keyword": "television",
            "synonyms": [
                "television"
            ]
        },
        {
            "keyword": "tin can",
            "synonyms": [
                "tin can"
            ]
        },
        {
            "keyword": "toaster",
            "synonyms": [
                "toaster"
            ]
        },
        {
            "keyword": "tool",
            "synonyms": [
                "tool"
            ]
        },
        {
            "keyword": "vase",
            "synonyms": [
                "vase"
            ]
        },
        {
            "keyword": "water bottle",
            "synonyms": [
                "water bottle"
            ]
        },
        {
            "keyword": "wheel",
            "synonyms": [
                "wheel"
            ]
        },
        {
            "keyword": "wheel",
            "synonyms": [
                "wheel"
            ]
        },
        {
            "keyword": "wheel",
            "synonyms": [
                "wheel"
            ]
        },
        {
            "keyword": "white bowl",
            "synonyms": [
                "white bowl"
            ]
        },
        {
            "keyword": "white bowl",
            "synonyms": [
                "white bowl"
            ]
        },
        {
            "keyword": "white ceramic bowls",
            "synonyms": [
                "white ceramic bowls"
            ]
        },
        {
            "keyword": "white ceramic plates",
            "synonyms": [
                "white ceramic plates"
            ]
        },
        {
            "keyword": "white door",
            "synonyms": [
                "white door"
            ]
        },
        {
            "keyword": "white plastic bucket",
            "synonyms": [
                "white plastic bucket"
            ]
        },
        {
            "keyword": "white plastic storage container",
            "synonyms": [
                "white plastic storage container"
            ]
        },
        {
            "keyword": "white venetian blinds",
            "synonyms": [
                "white venetian blinds"
            ]
        },
        {
            "keyword": "whiteboard",
            "synonyms": [
                "whiteboard"
            ]
        },
        {
            "keyword": "wild bird",
            "synonyms": [
                "wild bird"
            ]
        },
        {
            "keyword": "window",
            "synonyms": [
                "window"
            ]
        },
        {
            "keyword": "window blind",
            "synonyms": [
                "window blind"
            ]
        },
        {
            "keyword": "window blinds",
            "synonyms": [
                "window blinds"
            ]
        },
        {
            "keyword": "window blinds in dark room",
            "synonyms": [
                "window blinds in dark room"
            ]
        },
        {
            "keyword": "wooden shelf",
            "synonyms": [
                "wooden shelf"
            ]
        },
        {
            "keyword": "wooden shelving unit with dishes and cooking utensils",
            "synonyms": [
                "wooden shelving unit with dishes and cooking utensils"
            ]
        },
        {
            "keyword": "wooden shelving unit with dishes and kitchen utensils",
            "synonyms": [
                "wooden shelving unit with dishes and kitchen utensils"
            ]
        },
        {
            "keyword": "wooden shelving unit with pots and pans",
            "synonyms": [
                "wooden shelving unit with pots and pans"
            ]
        },
        {
            "keyword": "wooden shelving unit with various items on it",
            "synonyms": [
                "wooden shelving unit with various items on it"
            ]
        },
        {
            "keyword": "wooden spattle",
            "synonyms": [
                "wooden spattle"
            ]
        },
        {
            "keyword": "wooden spattle",
            "synonyms": [
                "wooden spattle"
            ]
        },
        {
            "keyword": "yellow plate",
            "synonyms": [
                "yellow plate"
            ]
        }
    ]
}
