{
    "name": "object",
    "roles": [
        "object"
    ],
    "lookups": [
        "keywords"
    ],
    "keywords": [
        {
            "keyword": "Fork",
            "synonyms": [
                "fork"
            ]
        },
        {
            "keyword": "Scan blue ball",
            "synonyms": [
                "scan blue ball"
            ]
        },
        {
            "keyword": "Scan blue bottle",
            "synonyms": [
                "scan blue bottle"
            ]
        },
        {
            "keyword": "Scan blue paddle",
            "synonyms": [
                "scan blue paddle"
            ]
        },
        {
            "keyword": "Scan blue portal",
            "synonyms": [
                "scan blue portal"
            ]
        },
        {
            "keyword": "all box",
            "synonyms": [
                "all box"
            ]
        },
        {
            "keyword": "almonds",
            "synonyms": [
                "almonds"
            ]
        },
        {
            "keyword": "backpack",
            "synonyms": [
                "backpack"
            ]
        },
        {
            "keyword": "bed",
            "synonyms": [
                "bed"
            ]
        },
        {
            "keyword": "black headset",
            "synonyms": [
                "black headset"
            ]
        },
        {
            "keyword": "black keyboard",
            "synonyms": [
                "black keyboard"
            ]
        },
        {
            "keyword": "black keyboard",
            "synonyms": [
                "black keyboard"
            ]
        },
        {
            "keyword": "blue bottle",
            "synonyms": [
                "blue bottle"
            ]
        },
        {
            "keyword": "blue box",
            "synonyms": [
                "blue box"
            ]
        },
        {
            "keyword": "blue box",
            "synonyms": [
                "blue box"
            ]
        },
        {
            "keyword": "blue button",
            "synonyms": [
                "blue button"
            ]
        },
        {
            "keyword": "blue paddle",
            "synonyms": [
                "blue paddle"
            ]
        },
        {
            "keyword": "blue plate",
            "synonyms": [
                "blue plate"
            ]
        },
        {
            "keyword": "blue salt box",
            "synonyms": [
                "blue salt box"
            ]
        },
        {
            "keyword": "blue self box",
            "synonyms": [
                "blue self box"
            ]
        },
        {
            "keyword": "blues",
            "synonyms": [
                "blues"
            ]
        },
        {
            "keyword": "book",
            "synonyms": [
                "book"
            ]
        },
        {
            "keyword": "bottle",
            "synonyms": [
                "bottle"
            ]
        },
        {
            "keyword": "bowl",
            "synonyms": [
                "bowl"
            ]
        },
        {
            "keyword": "box",
            "synonyms": [
                "box"
            ]
        },
        {
            "keyword": "bucket",
            "synonyms": [
                "bucket"
            ]
        },
        {
            "keyword": "building at night with sun shining through window blinds",
            "synonyms": [
                "building at night with sun shining through window blinds"
            ]
        },
        {
            "keyword": "cabinetry",
            "synonyms": [
                "cabinetry"
            ]
        },
        {
            "keyword": "cabinetry",
            "synonyms": [
                "cabinetry"
            ]
        },
        {
            "keyword": "cabinetry",
            "synonyms": [
                "cabinetry"
            ]
        },
        {
            "keyword": "cabinetry",
            "synonyms": [
                "cabinetry"
            ]
        },
        {
            "keyword": "cabinetry",
            "synonyms": [
                "cabinetry"
            ]
        },
        {
            "keyword": "carpet",
            "synonyms": [
                "carpet"
            ]
        },
        {
            "keyword": "chair",
            "synonyms": [
                "chair"
            ]
        },
        {
            "keyword": "coffee cup",
            "synonyms": [
                "coffee cup"
            ]
        },
        {
            "keyword": "coffee cup",
            "synonyms": [
                "coffee cup"
            ]
        },
        {
            "keyword": "coffee cup",
            "synonyms": [
                "coffee cup"
            ]
        },
        {
            "keyword": "coffee cup",
            "synonyms": [
                "coffee cup"
            ]
        },
        {
            "keyword": "coffee cup",
            "synonyms": [
                "coffee cup"
            ]
        },
        {
            "keyword": "coffee maker",
            "synonyms": [
                "coffee maker"
            ]
        },
        {
            "keyword": "computer box",
            "synonyms": [
                "computer box"
            ]
        },
        {
            "keyword": "computer keyboard",
            "synonyms": [
                "computer keyboard"
            ]
        },
        {
            "keyword": "computer monitor",
            "synonyms": [
                "computer monitor"
            ]
        },
        {
            "keyword": "computer monitor",
            "synonyms": [
                "computer monitor"
            ]
        },
        {
            "keyword": "computer mouse",
            "synonyms": [
                "computer mouse"
            ]
        },
        {
            "keyword": "countertop",
            "synonyms": [
                "countertop"
            ]
        },
        {
            "keyword": "countertop",
            "synonyms": [
                "countertop"
            ]
        },
        {
            "keyword": "countertop",
            "synonyms": [
                "countertop"
            ]
        },
        {
            "keyword": "cutting board",
            "synonyms": [
                "cutting board"
            ]
        },
        {
            "keyword": "cutting board",
            "synonyms": [
                "cutting board"
            ]
        },
        {
            "keyword": "desk",
            "synonyms": [
                "desk"
            ]
        },
        {
            "keyword": "dirty kitchen",
            "synonyms": [
                "dirty kitchen"
            ]
        },
        {
            "keyword": "dirty kitchen counter",
            "synonyms": [
                "dirty kitchen counter"
            ]
        },
        {
            "keyword": "door",
            "synonyms": [
                "door"
            ]
        },
        {
            "keyword": "faucet",
            "synonyms": [
                "faucet"
            ]
        },
        {
            "keyword": "gas stove",
            "synonyms": [
                "gas stove"
            ]
        },
        {
            "keyword": "green salt box",
            "synonyms": [
                "green salt box"
            ]
        },
        {
            "keyword": "green salt box",
            "synonyms": [
                "green salt box"
            ]
        },
        {
            "keyword": "house",
            "synonyms": [
                "house"
            ]
        },
        {
            "keyword": "kitchen counter with dishes and utensils",
            "synonyms": [
                "kitchen counter with dishes and utensils"
            ]
        },
        {
            "keyword": "knife",
            "synonyms": [
                "knife"
            ]
        },
        {
            "keyword": "lamp",
            "synonyms": [
                "lamp"
            ]
        },
        {
            "keyword": "lamp",
            "synonyms": [
                "lamp"
            ]
        },
        {
            "keyword": "lamp",
            "synonyms": [
                "lamp"
            ]
        },
        {
            "keyword": "laptop",
            "synonyms": [
                "laptop"
            ]
        },
        {
            "keyword": "loudspeaker",
            "synonyms": [
                "loudspeaker"
            ]
        },
        {
            "keyword": "metal can",
            "synonyms": [
                "metal can"
            ]
        },
        {
            "keyword": "mirror",
            "synonyms": [
                "mirror"
            ]
        },
        {
            "keyword": "mobile phone",
            "synonyms": [
                "mobile phone"
            ]
        },
        {
            "keyword": "mouse",
            "synonyms": [
                "mouse"
            ]
        },
        {
            "keyword": "my new word",
            "synonyms": [
                "my new word"
            ]
        },
        {
            "keyword": "neutral jar",
            "synonyms": [
                "neutral jar"
            ]
        },
        {
            "keyword": "neutral jar",
            "synonyms": [
                "neutral jar"
            ]
        },
        {
            "keyword": "notch",
            "synonyms": [
                "notch"
            ]
        },
        {
            "keyword": "oven",
            "synonyms": [
                "oven"
            ]
        },
        {
            "keyword": "oven",
            "synonyms": [
                "oven"
            ]
        },
        {
            "keyword": "pen",
            "synonyms": [
                "pen"
            ]
        },
        {
            "keyword": "pen",
            "synonyms": [
                "pen"
            ]
        },
        {
            "keyword": "pen",
            "synonyms": [
                "pen"
            ]
        },
        {
            "keyword": "person",
            "synonyms": [
                "person"
            ]
        },
        {
            "keyword": "person",
            "synonyms": [
                "person"
            ]
        },
        {
            "keyword": "picture frame",
            "synonyms": [
                "picture frame"
            ]
        },
        {
            "keyword": "pillow",
            "synonyms": [
                "pillow"
            ]
        },
        {
            "keyword": "plate",
            "synonyms": [
                "plate"
            ]
        },
        {
            "keyword": "power outlet",
            "synonyms": [
                "power outlet"
            ]
        },
        {
            "keyword": "power outlet",
            "synonyms": [
                "power outlet"
            ]
        },
        {
            "keyword": "radiator",
            "synonyms": [
                "radiator"
            ]
        },
        {
            "keyword": "rainbow cup",
            "synonyms": [
                "rainbow cup"
            ]
        },
        {
            "keyword": "rainbow cup",
            "synonyms": [
                "rainbow cup"
            ]
        },
        {
            "keyword": "remote control",
            "synonyms": [
                "remote control"
            ]
        },
        {
            "keyword": "screwdriver",
            "synonyms": [
                "screwdriver"
            ]
        },
        {
            "keyword": "screwdriver",
            "synonyms": [
                "screwdriver"
            ]
        },
        {
            "keyword": "shelf",
            "synonyms": [
                "shelf"
            ]
        },
        {
            "keyword": "shelves",
            "synonyms": [
                "shelves"
            ]
        },
        {
            "keyword": "sink",
            "synonyms": [
                "sink"
            ]
        },
        {
            "keyword": "slippers",
            "synonyms": [
                "slippers"
            ]
        },
        {
            "keyword": "spatula",
            "synonyms": [
                "spatula"
            ]
        },
        {
            "keyword": "spoon",
            "synonyms": [
                "spoon"
            ]
        },
        {
            "keyword": "spoon",
            "synonyms": [
                "spoon"
            ]
        },
        {
            "keyword": "stool",
            "synonyms": [
                "stool"
            ]
        },
        {
            "keyword": "stool",
            "synonyms": [
                "stool"
            ]
        },
        {
            "keyword": "tea",
            "synonyms": [
                "tea"
            ]
        },
        {
            "keyword": "television",
            "synonyms": [
                "television"
            ]
        },
        {
            "keyword": "tin can",
            "synonyms": [
                "tin can"
            ]
        },
        {
            "keyword": "toaster",
            "synonyms": [
                "toaster"
            ]
        },
        {
            "keyword": "tool",
            "synonyms": [
                "tool"
            ]
        },
        {
            "keyword": "white venetian blinds",
            "synonyms": [
                "white venetian blinds"
            ]
        },
        {
            "keyword": "whiteboard",
            "synonyms": [
                "whiteboard"
            ]
        },
        {
            "keyword": "wild bird",
            "synonyms": [
                "wild bird"
            ]
        },
        {
            "keyword": "window",
            "synonyms": [
                "window"
            ]
        },
        {
            "keyword": "window blind",
            "synonyms": [
                "window blind"
            ]
        },
        {
            "keyword": "window blinds",
            "synonyms": [
                "window blinds"
            ]
        },
        {
            "keyword": "window blinds in dark room",
            "synonyms": [
                "window blinds in dark room"
            ]
        },
        {
            "keyword": "wooden shelf",
            "synonyms": [
                "wooden shelf"
            ]
        },
        {
            "keyword": "wooden shelving unit with dishes and kitchen utensils",
            "synonyms": [
                "wooden shelving unit with dishes and kitchen utensils"
            ]
        },
        {
            "keyword": "wooden shelving unit with pots and pans",
            "synonyms": [
                "wooden shelving unit with pots and pans"
            ]
        },
        {
            "keyword": "wooden shelving unit with various items on it",
            "synonyms": [
                "wooden shelving unit with various items on it"
            ]
        },
        {
            "keyword": "wooden spattle",
            "synonyms": [
                "wooden spattle"
            ]
        },
        {
            "keyword": "wooden spattle",
            "synonyms": [
                "wooden spattle"
            ]
        },
        {
            "keyword": "yellow plate",
            "synonyms": [
                "yellow plate"
            ]
        }
    ]
}
