{
    "utterances": [
        {
            "text": "Add note to object",
            "entities": [],
            "traits": [],
            "intent": "addNoteToObject"
        },
        {
            "text": "add Note to keyboard",
            "entities": [
                {
                    "entity": "action:action",
                    "start": 0,
                    "end": 8,
                    "body": "add Note",
                    "entities": []
                }
            ],
            "traits": [],
            "intent": "addNoteToObject"
        },
        {
            "text": "add note to keyboard",
            "entities": [
                {
                    "entity": "action:action",
                    "start": 0,
                    "end": 8,
                    "body": "add note",
                    "entities": []
                }
            ],
            "traits": [],
            "intent": "addNoteToObject"
        },
        {
            "text": "add note to object",
            "entities": [
                {
                    "entity": "action:action",
                    "start": 0,
                    "end": 8,
                    "body": "add note",
                    "entities": []
                }
            ],
            "traits": [],
            "intent": "addNoteToObject"
        },
        {
            "text": "add note to tv",
            "entities": [
                {
                    "entity": "action:action",
                    "start": 0,
                    "end": 8,
                    "body": "add note",
                    "entities": []
                }
            ],
            "traits": [],
            "intent": "addNoteToObject"
        },
        {
            "text": "find cup",
            "entities": [
                {
                    "entity": "action:action",
                    "start": 0,
                    "end": 4,
                    "body": "find",
                    "entities": []
                }
            ],
            "traits": [],
            "intent": "addNoteToObject"
        },
        {
            "text": "lamp",
            "entities": [],
            "traits": [],
            "intent": "addNoteToObject"
        }
    ]
}
