{
    "name": "object",
    "roles": [
        "object"
    ],
    "lookups": [
        "keywords"
    ],
    "keywords": [
        {
            "keyword": "cabinetry",
            "synonyms": [
                "cabinetry"
            ]
        },
        {
            "keyword": "cabinetry",
            "synonyms": [
                "cabinetry"
            ]
        },
        {
            "keyword": "cabinetry",
            "synonyms": [
                "cabinetry"
            ]
        },
        {
            "keyword": "cabinetry",
            "synonyms": [
                "cabinetry"
            ]
        },
        {
            "keyword": "cabinetry",
            "synonyms": [
                "cabinetry"
            ]
        },
        {
            "keyword": "carpet",
            "synonyms": [
                "carpet"
            ]
        },
        {
            "keyword": "coffee cup",
            "synonyms": [
                "coffee cup"
            ]
        },
        {
            "keyword": "coffee cup",
            "synonyms": [
                "coffee cup"
            ]
        },
        {
            "keyword": "coffee cup",
            "synonyms": [
                "coffee cup"
            ]
        },
        {
            "keyword": "coffee cup",
            "synonyms": [
                "coffee cup"
            ]
        },
        {
            "keyword": "coffee cup",
            "synonyms": [
                "coffee cup"
            ]
        },
        {
            "keyword": "coffee maker",
            "synonyms": [
                "coffee maker"
            ]
        },
        {
            "keyword": "countertop",
            "synonyms": [
                "countertop"
            ]
        },
        {
            "keyword": "countertop",
            "synonyms": [
                "countertop"
            ]
        },
        {
            "keyword": "countertop",
            "synonyms": [
                "countertop"
            ]
        },
        {
            "keyword": "cutting board",
            "synonyms": [
                "cutting board"
            ]
        },
        {
            "keyword": "cutting board",
            "synonyms": [
                "cutting board"
            ]
        },
        {
            "keyword": "faucet",
            "synonyms": [
                "faucet"
            ]
        },
        {
            "keyword": "gas stove",
            "synonyms": [
                "gas stove"
            ]
        },
        {
            "keyword": "house",
            "synonyms": [
                "house"
            ]
        },
        {
            "keyword": "lamp",
            "synonyms": [
                "lamp"
            ]
        },
        {
            "keyword": "lamp",
            "synonyms": [
                "lamp"
            ]
        },
        {
            "keyword": "lamp",
            "synonyms": [
                "lamp"
            ]
        },
        {
            "keyword": "oven",
            "synonyms": [
                "oven"
            ]
        },
        {
            "keyword": "oven",
            "synonyms": [
                "oven"
            ]
        },
        {
            "keyword": "plate",
            "synonyms": [
                "plate"
            ]
        },
        {
            "keyword": "radiator",
            "synonyms": [
                "radiator"
            ]
        },
        {
            "keyword": "sink",
            "synonyms": [
                "sink"
            ]
        },
        {
            "keyword": "spatula",
            "synonyms": [
                "spatula"
            ]
        },
        {
            "keyword": "stool",
            "synonyms": [
                "stool"
            ]
        },
        {
            "keyword": "stool",
            "synonyms": [
                "stool"
            ]
        },
        {
            "keyword": "toaster",
            "synonyms": [
                "toaster"
            ]
        }
    ]
}
