{
    "name": "action",
    "roles": [
        "action"
    ],
    "lookups": [
        "free-text",
        "keywords"
    ],
    "keywords": [
        {
            "keyword": "add note",
            "synonyms": [
                "add note"
            ]
        },
        {
            "keyword": "change name",
            "synonyms": [
                "change name"
            ]
        },
        {
            "keyword": "find",
            "synonyms": [
                "find"
            ]
        },
        {
            "keyword": "hide objects",
            "synonyms": [
                "hide objects"
            ]
        },
        {
            "keyword": "show objects",
            "synonyms": [
                "show objects"
            ]
        },
        {
            "keyword": "track",
            "synonyms": [
                "track"
            ]
        }
    ]
}
